Workbook

Sheet คำนวณยา IV และสารน้ำ
A1: คำนวณขนาดยา | B1: ยาที่ใช้ | C1: ขนาดยาที่แพทย์สั่ง (mg) | D1: น้ำหนัก (kg) | E1: อายุ (ปี) | F1: Dose | G1: ขนาดยาต่ำสุด (mg or unit)/dose | H1: ขนาดยาสูงสุด (mg or unit)/dose | I1: ความถี่การให้ยา
A2: ใส่ข้อมูลช่องสีแดงค่ะ (ช่องอื่นรบกวนไม่แก้ไขค่ะ) | B2: Clindamycin 600 mg/4ml | C2: 160 | D2: 14 | E2: 2 | F2: {=XLOOKUP(B2,'ข้อมูลยา ห้ามแก้ไข'!$A$2:$A994,'ข้อมูลยา ห้ามแก้ไข'!$K$2:$K994,0)} | G2: {=((((XLOOKUP($B$2,'ข้อมูลยา ห้ามแก้ไข'!$A$2:$A994,'ข้อมูลยา ห้ามแก้ไข'!$L$2:$L994,0))*$D$2))/(XLOOKUP($B$2,'ข้อมูลยา ห้ามแก้ไข'!$A$2:$A994,'ข้อมูลยา ห้ามแก้ไข'!$N$2:$N994,0)))} | H2: {=((((XLOOKUP($B$2,'ข้อมูลยา ห้ามแก้ไข'!$A$2:$A994,'ข้อมูลยา ห้ามแก้ไข'!$M$2:$M994,0))*$D$2))/(XLOOKUP($B$2,'ข้อมูลยา ห้ามแก้ไข'!$A$2:$A994,'ข้อมูลยา ห้ามแก้ไข'!$N$2:$N994,0)))} | I2: {=XLOOKUP(B2,'ข้อมูลยา ห้ามแก้ไข'!$A$2:$A994,'ข้อมูลยา ห้ามแก้ไข'!$O$2:$O994,0)}
B3: ยาที่ใช้ | C3: ขนาดยาที่แพทย์สั่ง (mg) | D3: สารน้ำที่ต้องผสม | E3: ปริมาตรยาที่ใช้ (ml) | F3: สารน้ำที่ต้องเจือจาง | G3: ปริมาตรสารน้ำที่ใช้เจือจาง (ml) | H3: ปริมาตรรวม | I3: ระยะเวลาที่ drip ยา | J3: หมายเหตุ
B4: =B2 | C4: =C2 | D4: {=XLOOKUP(B4,'ข้อมูลยา ห้ามแก้ไข'!$A$2:$A994,'ข้อมูลยา ห้ามแก้ไข'!$B$2:$B994,0)} | E4: {=C4/(XLOOKUP(B4,'ข้อมูลยา ห้ามแก้ไข'!$A$2:$A994,'ข้อมูลยา ห้ามแก้ไข'!$E$2:$E994,0))} | F4: {=XLOOKUP(B4,'ข้อมูลยา ห้ามแก้ไข'!$A$2:$A994,'ข้อมูลยา ห้ามแก้ไข'!$F$2:$F994,0)} | G4: {=(C4/(XLOOKUP(B4,'ข้อมูลยา ห้ามแก้ไข'!A2:A994,'ข้อมูลยา ห้ามแก้ไข'!H2:H994,"not found")))-E4} | H4: =E4+G4 | I4: {=XLOOKUP(B4,'ข้อมูลยา ห้ามแก้ไข'!$A$2:$A994,'ข้อมูลยา ห้ามแก้ไข'!$I$2:$I994,0)} | J4: {=XLOOKUP(B4,'ข้อมูลยา ห้ามแก้ไข'!A2:A994,'ข้อมูลยา ห้ามแก้ไข'!J2:J994,0)}
A7: ยาที่ใช้ | B7: ขนาดยาที่แพทย์สั่ง (mg) | C7: สารน้ำที่ต้องผสม | D7: ปริมาตรยาที่ใช้ (ml) | E7: สารน้ำที่ต้องเจือจาง | F7: ปริมาตรสารน้ำที่ใช้เจือจาง (ml) | G7: ปริมาตรรวม | H7: ระยะเวลาที่ drip ยา | I7: หมายเหตุ
A8: Ampicillin500mg | B8: 250 | C8: {=XLOOKUP(A8,'ข้อมูลยา ห้ามแก้ไข'!$A$2:$A994,'ข้อมูลยา ห้ามแก้ไข'!$B$2:$B994,0)} | D8: {=B8/(XLOOKUP(A8,'ข้อมูลยา ห้ามแก้ไข'!$A$2:$A994,'ข้อมูลยา ห้ามแก้ไข'!$E$2:$E994,0))} | E8: {=XLOOKUP(A8,'ข้อมูลยา ห้ามแก้ไข'!$A$2:$A994,'ข้อมูลยา ห้ามแก้ไข'!$F$2:$F994,0)} | F8: {=(B8/(XLOOKUP(A8,'ข้อมูลยา ห้ามแก้ไข'!A2:A994,'ข้อมูลยา ห้ามแก้ไข'!H2:H994,"not found")))-D8} | G8: =D8+F8 | H8: {=XLOOKUP(A8,'ข้อมูลยา ห้ามแก้ไข'!$A$2:$A994,'ข้อมูลยา ห้ามแก้ไข'!$I$2:$I994,0)} | I8: {=XLOOKUP(A8,'ข้อมูลยา ห้ามแก้ไข'!A2:A994,'ข้อมูลยา ห้ามแก้ไข'!J2:J994,0)}
A9: Ceftriaxone 1 g | B9: 700 | C9: {=XLOOKUP(A9,'ข้อมูลยา ห้ามแก้ไข'!$A$2:$A994,'ข้อมูลยา ห้ามแก้ไข'!$B$2:$B994,0)} | D9: {=B9/(XLOOKUP(A9,'ข้อมูลยา ห้ามแก้ไข'!$A$2:$A994,'ข้อมูลยา ห้ามแก้ไข'!$E$2:$E994,0))} | E9: {=XLOOKUP(A9,'ข้อมูลยา ห้ามแก้ไข'!$A$2:$A994,'ข้อมูลยา ห้ามแก้ไข'!$F$2:$F994,0)} | F9: {=(B9/(XLOOKUP(A9,'ข้อมูลยา ห้ามแก้ไข'!A3:A994,'ข้อมูลยา ห้ามแก้ไข'!H3:H994,"not found")))-D9} | G9: =D9+F9 | H9: {=XLOOKUP(A9,'ข้อมูลยา ห้ามแก้ไข'!$A$2:$A994,'ข้อมูลยา ห้ามแก้ไข'!$I$2:$I994,0)} | I9: {=XLOOKUP(A9,'ข้อมูลยา ห้ามแก้ไข'!A3:A994,'ข้อมูลยา ห้ามแก้ไข'!J3:J994,0)}
C10: {=XLOOKUP(A10,'ข้อมูลยา ห้ามแก้ไข'!$A$2:$A994,'ข้อมูลยา ห้ามแก้ไข'!$B$2:$B994,0)} | D10: {=B10/(XLOOKUP(A10,'ข้อมูลยา ห้ามแก้ไข'!$A$2:$A994,'ข้อมูลยา ห้ามแก้ไข'!$E$2:$E994,0))} | E10: {=XLOOKUP(A10,'ข้อมูลยา ห้ามแก้ไข'!$A$2:$A994,'ข้อมูลยา ห้ามแก้ไข'!$F$2:$F994,0)} | F10: {=(B10/(XLOOKUP(A10,'ข้อมูลยา ห้ามแก้ไข'!A3:A994,'ข้อมูลยา ห้ามแก้ไข'!H3:H994,"not found")))-D10} | G10: =D10+F10 | H10: {=XLOOKUP(A10,'ข้อมูลยา ห้ามแก้ไข'!$A$2:$A994,'ข้อมูลยา ห้ามแก้ไข'!$I$2:$I994,0)} | I10: {=XLOOKUP(A10,'ข้อมูลยา ห้ามแก้ไข'!A3:A994,'ข้อมูลยา ห้ามแก้ไข'!J3:J994,0)}
C11: {=XLOOKUP(A11,'ข้อมูลยา ห้ามแก้ไข'!$A$2:$A994,'ข้อมูลยา ห้ามแก้ไข'!$B$2:$B994,0)} | D11: {=B11/(XLOOKUP(A11,'ข้อมูลยา ห้ามแก้ไข'!$A$2:$A994,'ข้อมูลยา ห้ามแก้ไข'!$E$2:$E994,0))} | E11: {=XLOOKUP(A11,'ข้อมูลยา ห้ามแก้ไข'!$A$2:$A994,'ข้อมูลยา ห้ามแก้ไข'!$F$2:$F994,0)} | F11: {=(B11/(XLOOKUP(A11,'ข้อมูลยา ห้ามแก้ไข'!A4:A994,'ข้อมูลยา ห้ามแก้ไข'!H4:H994,"not found")))-D11} | G11: =D11+F11 | H11: {=XLOOKUP(A11,'ข้อมูลยา ห้ามแก้ไข'!$A$2:$A994,'ข้อมูลยา ห้ามแก้ไข'!$I$2:$I994,0)} | I11: {=XLOOKUP(A11,'ข้อมูลยา ห้ามแก้ไข'!A4:A994,'ข้อมูลยา ห้ามแก้ไข'!J4:J994,0)}
C12: {=XLOOKUP(A12,'ข้อมูลยา ห้ามแก้ไข'!$A$2:$A994,'ข้อมูลยา ห้ามแก้ไข'!$B$2:$B994,0)} | D12: {=B12/(XLOOKUP(A12,'ข้อมูลยา ห้ามแก้ไข'!$A$2:$A994,'ข้อมูลยา ห้ามแก้ไข'!$E$2:$E994,0))} | E12: {=XLOOKUP(A12,'ข้อมูลยา ห้ามแก้ไข'!$A$2:$A994,'ข้อมูลยา ห้ามแก้ไข'!$F$2:$F994,0)} | F12: {=(B12/(XLOOKUP(A12,'ข้อมูลยา ห้ามแก้ไข'!A5:A994,'ข้อมูลยา ห้ามแก้ไข'!H5:H994,"not found")))-D12} | G12: =D12+F12 | H12: {=XLOOKUP(A12,'ข้อมูลยา ห้ามแก้ไข'!$A$2:$A994,'ข้อมูลยา ห้ามแก้ไข'!$I$2:$I994,0)} | I12: {=XLOOKUP(A12,'ข้อมูลยา ห้ามแก้ไข'!A5:A994,'ข้อมูลยา ห้ามแก้ไข'!J5:J994,0)}
C13: {=XLOOKUP(A13,'ข้อมูลยา ห้ามแก้ไข'!$A$2:$A994,'ข้อมูลยา ห้ามแก้ไข'!$B$2:$B994,0)} | D13: {=B13/(XLOOKUP(A13,'ข้อมูลยา ห้ามแก้ไข'!$A$2:$A994,'ข้อมูลยา ห้ามแก้ไข'!$E$2:$E994,0))} | E13: {=XLOOKUP(A13,'ข้อมูลยา ห้ามแก้ไข'!$A$2:$A994,'ข้อมูลยา ห้ามแก้ไข'!$F$2:$F994,0)} | F13: {=(B13/(XLOOKUP(A13,'ข้อมูลยา ห้ามแก้ไข'!A5:A994,'ข้อมูลยา ห้ามแก้ไข'!H5:H994,"not found")))-D13} | G13: =D13+F13 | H13: {=XLOOKUP(A13,'ข้อมูลยา ห้ามแก้ไข'!$A$2:$A994,'ข้อมูลยา ห้ามแก้ไข'!$I$2:$I994,0)} | I13: {=XLOOKUP(A13,'ข้อมูลยา ห้ามแก้ไข'!A5:A994,'ข้อมูลยา ห้ามแก้ไข'!J5:J994,0)}
C14: {=XLOOKUP(A14,'ข้อมูลยา ห้ามแก้ไข'!$A$2:$A994,'ข้อมูลยา ห้ามแก้ไข'!$B$2:$B994,0)} | D14: {=B14/(XLOOKUP(A14,'ข้อมูลยา ห้ามแก้ไข'!$A$2:$A994,'ข้อมูลยา ห้ามแก้ไข'!$E$2:$E994,0))} | E14: {=XLOOKUP(A14,'ข้อมูลยา ห้ามแก้ไข'!$A$2:$A994,'ข้อมูลยา ห้ามแก้ไข'!$F$2:$F994,0)} | F14: {=(B14/(XLOOKUP(A14,'ข้อมูลยา ห้ามแก้ไข'!A6:A994,'ข้อมูลยา ห้ามแก้ไข'!H6:H994,"not found")))-D14} | G14: =D14+F14 | H14: {=XLOOKUP(A14,'ข้อมูลยา ห้ามแก้ไข'!$A$2:$A994,'ข้อมูลยา ห้ามแก้ไข'!$I$2:$I994,0)} | I14: {=XLOOKUP(A14,'ข้อมูลยา ห้ามแก้ไข'!A6:A994,'ข้อมูลยา ห้ามแก้ไข'!J6:J994,0)}
C15: {=XLOOKUP(A15,'ข้อมูลยา ห้ามแก้ไข'!$A$2:$A994,'ข้อมูลยา ห้ามแก้ไข'!$B$2:$B994,0)} | D15: {=B15/(XLOOKUP(A15,'ข้อมูลยา ห้ามแก้ไข'!$A$2:$A994,'ข้อมูลยา ห้ามแก้ไข'!$E$2:$E994,0))} | E15: {=XLOOKUP(A15,'ข้อมูลยา ห้ามแก้ไข'!$A$2:$A994,'ข้อมูลยา ห้ามแก้ไข'!$F$2:$F994,0)} | F15: {=(B15/(XLOOKUP(A15,'ข้อมูลยา ห้ามแก้ไข'!A7:A994,'ข้อมูลยา ห้ามแก้ไข'!H7:H994,"not found")))-D15} | G15: =D15+F15 | H15: {=XLOOKUP(A15,'ข้อมูลยา ห้ามแก้ไข'!$A$2:$A994,'ข้อมูลยา ห้ามแก้ไข'!$I$2:$I994,0)} | I15: {=XLOOKUP(A15,'ข้อมูลยา ห้ามแก้ไข'!A7:A994,'ข้อมูลยา ห้ามแก้ไข'!J7:J994,0)}
C16: {=XLOOKUP(A16,'ข้อมูลยา ห้ามแก้ไข'!$A$2:$A994,'ข้อมูลยา ห้ามแก้ไข'!$B$2:$B994,0)} | D16: {=B16/(XLOOKUP(A16,'ข้อมูลยา ห้ามแก้ไข'!$A$2:$A994,'ข้อมูลยา ห้ามแก้ไข'!$E$2:$E994,0))} | E16: {=XLOOKUP(A16,'ข้อมูลยา ห้ามแก้ไข'!$A$2:$A994,'ข้อมูลยา ห้ามแก้ไข'!$F$2:$F994,0)} | F16: {=(B16/(XLOOKUP(A16,'ข้อมูลยา ห้ามแก้ไข'!A8:A994,'ข้อมูลยา ห้ามแก้ไข'!H8:H994,"not found")))-D16} | G16: =D16+F16 | H16: {=XLOOKUP(A16,'ข้อมูลยา ห้ามแก้ไข'!$A$2:$A994,'ข้อมูลยา ห้ามแก้ไข'!$I$2:$I994,0)} | I16: {=XLOOKUP(A16,'ข้อมูลยา ห้ามแก้ไข'!A8:A994,'ข้อมูลยา ห้ามแก้ไข'!J8:J994,0)}
C17: {=XLOOKUP(A17,'ข้อมูลยา ห้ามแก้ไข'!$A$2:$A994,'ข้อมูลยา ห้ามแก้ไข'!$B$2:$B994,0)} | D17: {=B17/(XLOOKUP(A17,'ข้อมูลยา ห้ามแก้ไข'!$A$2:$A994,'ข้อมูลยา ห้ามแก้ไข'!$E$2:$E994,0))} | E17: {=XLOOKUP(A17,'ข้อมูลยา ห้ามแก้ไข'!$A$2:$A994,'ข้อมูลยา ห้ามแก้ไข'!$F$2:$F994,0)} | F17: {=(B17/(XLOOKUP(A17,'ข้อมูลยา ห้ามแก้ไข'!A9:A994,'ข้อมูลยา ห้ามแก้ไข'!H9:H994,"not found")))-D17} | G17: =D17+F17 | H17: {=XLOOKUP(A17,'ข้อมูลยา ห้ามแก้ไข'!$A$2:$A994,'ข้อมูลยา ห้ามแก้ไข'!$I$2:$I994,0)} | I17: {=XLOOKUP(A17,'ข้อมูลยา ห้ามแก้ไข'!A9:A994,'ข้อมูลยา ห้ามแก้ไข'!J9:J994,0)}
C18: {=XLOOKUP(A18,'ข้อมูลยา ห้ามแก้ไข'!$A$2:$A994,'ข้อมูลยา ห้ามแก้ไข'!$B$2:$B994,0)} | D18: {=B18/(XLOOKUP(A18,'ข้อมูลยา ห้ามแก้ไข'!$A$2:$A994,'ข้อมูลยา ห้ามแก้ไข'!$E$2:$E994,0))} | E18: {=XLOOKUP(A18,'ข้อมูลยา ห้ามแก้ไข'!$A$2:$A994,'ข้อมูลยา ห้ามแก้ไข'!$F$2:$F994,0)} | F18: {=(B18/(XLOOKUP(A18,'ข้อมูลยา ห้ามแก้ไข'!A10:A994,'ข้อมูลยา ห้ามแก้ไข'!H10:H994,"not found")))-D18} | G18: =D18+F18 | H18: {=XLOOKUP(A18,'ข้อมูลยา ห้ามแก้ไข'!$A$2:$A994,'ข้อมูลยา ห้ามแก้ไข'!$I$2:$I994,0)} | I18: {=XLOOKUP(A18,'ข้อมูลยา ห้ามแก้ไข'!A10:A994,'ข้อมูลยา ห้ามแก้ไข'!J10:J994,0)}
C19: {=XLOOKUP(A19,'ข้อมูลยา ห้ามแก้ไข'!$A$2:$A994,'ข้อมูลยา ห้ามแก้ไข'!$B$2:$B994,0)} | D19: {=B19/(XLOOKUP(A19,'ข้อมูลยา ห้ามแก้ไข'!$A$2:$A994,'ข้อมูลยา ห้ามแก้ไข'!$E$2:$E994,0))} | E19: {=XLOOKUP(A19,'ข้อมูลยา ห้ามแก้ไข'!$A$2:$A994,'ข้อมูลยา ห้ามแก้ไข'!$F$2:$F994,0)} | F19: {=(B19/(XLOOKUP(A19,'ข้อมูลยา ห้ามแก้ไข'!A11:A994,'ข้อมูลยา ห้ามแก้ไข'!H11:H994,"not found")))-D19} | G19: =D19+F19 | H19: {=XLOOKUP(A19,'ข้อมูลยา ห้ามแก้ไข'!$A$2:$A994,'ข้อมูลยา ห้ามแก้ไข'!$I$2:$I994,0)} | I19: {=XLOOKUP(A19,'ข้อมูลยา ห้ามแก้ไข'!A11:A994,'ข้อมูลยา ห้ามแก้ไข'!J11:J994,0)}
C20: {=XLOOKUP(A20,'ข้อมูลยา ห้ามแก้ไข'!$A$2:$A994,'ข้อมูลยา ห้ามแก้ไข'!$B$2:$B994,0)} | D20: {=B20/(XLOOKUP(A20,'ข้อมูลยา ห้ามแก้ไข'!$A$2:$A994,'ข้อมูลยา ห้ามแก้ไข'!$E$2:$E994,0))} | E20: {=XLOOKUP(A20,'ข้อมูลยา ห้ามแก้ไข'!$A$2:$A994,'ข้อมูลยา ห้ามแก้ไข'!$F$2:$F994,0)} | F20: {=(B20/(XLOOKUP(A20,'ข้อมูลยา ห้ามแก้ไข'!A12:A994,'ข้อมูลยา ห้ามแก้ไข'!H12:H994,"not found")))-D20} | G20: =D20+F20 | H20: {=XLOOKUP(A20,'ข้อมูลยา ห้ามแก้ไข'!$A$2:$A994,'ข้อมูลยา ห้ามแก้ไข'!$I$2:$I994,0)} | I20: {=XLOOKUP(A20,'ข้อมูลยา ห้ามแก้ไข'!A12:A994,'ข้อมูลยา ห้ามแก้ไข'!J12:J994,0)}
A21: Ceftriaxone 1 g | B21: 700

Sheet ข้อมูลยา
A1: รายการยา | B1: ปริมาณตัวทำละลายผงยา | C1: total volume | D1: conc (mg/ml) | E1: สารน้ำที่ใช้เจือจาง | F1: administration conc. | G1: administration rate | H1: หมายเหตุ*
A2: ='ข้อมูลยา ห้ามแก้ไข'!A2 | B2: {=XLOOKUP(A2,'ข้อมูลยา ห้ามแก้ไข'!$A$2:$A994,'ข้อมูลยา ห้ามแก้ไข'!$B$2:$B994,"not found")} | C2: {=XLOOKUP(A2,'ข้อมูลยา ห้ามแก้ไข'!$A$2:$A994,'ข้อมูลยา ห้ามแก้ไข'!$C$2:$C994,"not found")} | D2: {=XLOOKUP(A2,'ข้อมูลยา ห้ามแก้ไข'!$A$2:$A994,'ข้อมูลยา ห้ามแก้ไข'!$D$2:$D994,"not found")} | E2: {=XLOOKUP(A2,'ข้อมูลยา ห้ามแก้ไข'!$A$2:$A994,'ข้อมูลยา ห้ามแก้ไข'!$F$2:$F994,"not found")} | F2: {=XLOOKUP(A2,'ข้อมูลยา ห้ามแก้ไข'!$A$2:$A994,'ข้อมูลยา ห้ามแก้ไข'!$G$2:$G994,"not found")} | G2: {=XLOOKUP(A2,'ข้อมูลยา ห้ามแก้ไข'!$A$2:$A994,'ข้อมูลยา ห้ามแก้ไข'!$I$2:$I994,"notfound")} | H2: {=XLOOKUP(A2,'ข้อมูลยา ห้ามแก้ไข'!$A$2:$A994,'ข้อมูลยา ห้ามแก้ไข'!$J$2:$J994,"not found")}
A3: ='ข้อมูลยา ห้ามแก้ไข'!A3 | B3: {=XLOOKUP(A3,'ข้อมูลยา ห้ามแก้ไข'!$A$2:$A994,'ข้อมูลยา ห้ามแก้ไข'!$B$2:$B994,"not found")} | C3: {=XLOOKUP(A3,'ข้อมูลยา ห้ามแก้ไข'!$A$2:$A994,'ข้อมูลยา ห้ามแก้ไข'!$C$2:$C994,"not found")} | D3: {=XLOOKUP(A3,'ข้อมูลยา ห้ามแก้ไข'!$A$2:$A994,'ข้อมูลยา ห้ามแก้ไข'!$D$2:$D994,"not found")} | E3: {=XLOOKUP(A3,'ข้อมูลยา ห้ามแก้ไข'!$A$2:$A994,'ข้อมูลยา ห้ามแก้ไข'!$F$2:$F994,"not found")} | F3: {=XLOOKUP(A3,'ข้อมูลยา ห้ามแก้ไข'!$A$2:$A994,'ข้อมูลยา ห้ามแก้ไข'!$G$2:$G994,"not found")} | G3: {=XLOOKUP(A3,'ข้อมูลยา ห้ามแก้ไข'!$A$2:$A994,'ข้อมูลยา ห้ามแก้ไข'!$I$2:$I994,"notfound")} | H3: {=XLOOKUP(A3,'ข้อมูลยา ห้ามแก้ไข'!$A$2:$A994,'ข้อมูลยา ห้ามแก้ไข'!$J$2:$J994,"not found")}
A4: ='ข้อมูลยา ห้ามแก้ไข'!A4 | B4: {=XLOOKUP(A4,'ข้อมูลยา ห้ามแก้ไข'!$A$2:$A994,'ข้อมูลยา ห้ามแก้ไข'!$B$2:$B994,"not found")} | C4: {=XLOOKUP(A4,'ข้อมูลยา ห้ามแก้ไข'!$A$2:$A994,'ข้อมูลยา ห้ามแก้ไข'!$C$2:$C994,"not found")} | D4: {=XLOOKUP(A4,'ข้อมูลยา ห้ามแก้ไข'!$A$2:$A994,'ข้อมูลยา ห้ามแก้ไข'!$D$2:$D994,"not found")} | E4: {=XLOOKUP(A4,'ข้อมูลยา ห้ามแก้ไข'!$A$2:$A994,'ข้อมูลยา ห้ามแก้ไข'!$F$2:$F994,"not found")} | F4: {=XLOOKUP(A4,'ข้อมูลยา ห้ามแก้ไข'!$A$2:$A994,'ข้อมูลยา ห้ามแก้ไข'!$G$2:$G994,"not found")} | G4: {=XLOOKUP(A4,'ข้อมูลยา ห้ามแก้ไข'!$A$2:$A994,'ข้อมูลยา ห้ามแก้ไข'!$I$2:$I994,"notfound")} | H4: {=XLOOKUP(A4,'ข้อมูลยา ห้ามแก้ไข'!$A$2:$A994,'ข้อมูลยา ห้ามแก้ไข'!$J$2:$J994,"not found")}
A5: ='ข้อมูลยา ห้ามแก้ไข'!A5 | B5: {=XLOOKUP(A5,'ข้อมูลยา ห้ามแก้ไข'!$A$2:$A994,'ข้อมูลยา ห้ามแก้ไข'!$B$2:$B994,"not found")} | C5: {=XLOOKUP(A5,'ข้อมูลยา ห้ามแก้ไข'!$A$2:$A994,'ข้อมูลยา ห้ามแก้ไข'!$C$2:$C994,"not found")} | D5: {=XLOOKUP(A5,'ข้อมูลยา ห้ามแก้ไข'!$A$2:$A994,'ข้อมูลยา ห้ามแก้ไข'!$D$2:$D994,"not found")} | E5: {=XLOOKUP(A5,'ข้อมูลยา ห้ามแก้ไข'!$A$2:$A994,'ข้อมูลยา ห้ามแก้ไข'!$F$2:$F994,"not found")} | F5: {=XLOOKUP(A5,'ข้อมูลยา ห้ามแก้ไข'!$A$2:$A994,'ข้อมูลยา ห้ามแก้ไข'!$G$2:$G994,"not found")} | G5: {=XLOOKUP(A5,'ข้อมูลยา ห้ามแก้ไข'!$A$2:$A994,'ข้อมูลยา ห้ามแก้ไข'!$I$2:$I994,"notfound")} | H5: {=XLOOKUP(A5,'ข้อมูลยา ห้ามแก้ไข'!$A$2:$A994,'ข้อมูลยา ห้ามแก้ไข'!$J$2:$J994,"not found")}
A6: ='ข้อมูลยา ห้ามแก้ไข'!A6 | B6: {=XLOOKUP(A6,'ข้อมูลยา ห้ามแก้ไข'!$A$2:$A994,'ข้อมูลยา ห้ามแก้ไข'!$B$2:$B994,"not found")} | C6: {=XLOOKUP(A6,'ข้อมูลยา ห้ามแก้ไข'!$A$2:$A994,'ข้อมูลยา ห้ามแก้ไข'!$C$2:$C994,"not found")} | D6: {=XLOOKUP(A6,'ข้อมูลยา ห้ามแก้ไข'!$A$2:$A994,'ข้อมูลยา ห้ามแก้ไข'!$D$2:$D994,"not found")} | E6: {=XLOOKUP(A6,'ข้อมูลยา ห้ามแก้ไข'!$A$2:$A994,'ข้อมูลยา ห้ามแก้ไข'!$F$2:$F994,"not found")} | F6: {=XLOOKUP(A6,'ข้อมูลยา ห้ามแก้ไข'!$A$2:$A994,'ข้อมูลยา ห้ามแก้ไข'!$G$2:$G994,"not found")} | G6: {=XLOOKUP(A6,'ข้อมูลยา ห้ามแก้ไข'!$A$2:$A994,'ข้อมูลยา ห้ามแก้ไข'!$I$2:$I994,"notfound")} | H6: {=XLOOKUP(A6,'ข้อมูลยา ห้ามแก้ไข'!$A$2:$A994,'ข้อมูลยา ห้ามแก้ไข'!$J$2:$J994,"not found")}
A7: ='ข้อมูลยา ห้ามแก้ไข'!A7 | B7: {=XLOOKUP(A7,'ข้อมูลยา ห้ามแก้ไข'!$A$2:$A994,'ข้อมูลยา ห้ามแก้ไข'!$B$2:$B994,"not found")} | C7: {=XLOOKUP(A7,'ข้อมูลยา ห้ามแก้ไข'!$A$2:$A994,'ข้อมูลยา ห้ามแก้ไข'!$C$2:$C994,"not found")} | D7: {=XLOOKUP(A7,'ข้อมูลยา ห้ามแก้ไข'!$A$2:$A994,'ข้อมูลยา ห้ามแก้ไข'!$D$2:$D994,"not found")} | E7: {=XLOOKUP(A7,'ข้อมูลยา ห้ามแก้ไข'!$A$2:$A994,'ข้อมูลยา ห้ามแก้ไข'!$F$2:$F994,"not found")} | F7: {=XLOOKUP(A7,'ข้อมูลยา ห้ามแก้ไข'!$A$2:$A994,'ข้อมูลยา ห้ามแก้ไข'!$G$2:$G994,"not found")} | G7: {=XLOOKUP(A7,'ข้อมูลยา ห้ามแก้ไข'!$A$2:$A994,'ข้อมูลยา ห้ามแก้ไข'!$I$2:$I994,"notfound")} | H7: {=XLOOKUP(A7,'ข้อมูลยา ห้ามแก้ไข'!$A$2:$A994,'ข้อมูลยา ห้ามแก้ไข'!$J$2:$J994,"not found")}
A8: ='ข้อมูลยา ห้ามแก้ไข'!A8 | B8: {=XLOOKUP(A8,'ข้อมูลยา ห้ามแก้ไข'!$A$2:$A994,'ข้อมูลยา ห้ามแก้ไข'!$B$2:$B994,"not found")} | C8: {=XLOOKUP(A8,'ข้อมูลยา ห้ามแก้ไข'!$A$2:$A994,'ข้อมูลยา ห้ามแก้ไข'!$C$2:$C994,"not found")} | D8: {=XLOOKUP(A8,'ข้อมูลยา ห้ามแก้ไข'!$A$2:$A994,'ข้อมูลยา ห้ามแก้ไข'!$D$2:$D994,"not found")} | E8: {=XLOOKUP(A8,'ข้อมูลยา ห้ามแก้ไข'!$A$2:$A994,'ข้อมูลยา ห้ามแก้ไข'!$F$2:$F994,"not found")} | F8: {=XLOOKUP(A8,'ข้อมูลยา ห้ามแก้ไข'!$A$2:$A994,'ข้อมูลยา ห้ามแก้ไข'!$G$2:$G994,"not found")} | G8: {=XLOOKUP(A8,'ข้อมูลยา ห้ามแก้ไข'!$A$2:$A994,'ข้อมูลยา ห้ามแก้ไข'!$I$2:$I994,"notfound")} | H8: {=XLOOKUP(A8,'ข้อมูลยา ห้ามแก้ไข'!$A$2:$A994,'ข้อมูลยา ห้ามแก้ไข'!$J$2:$J994,"not found")}
A9: ='ข้อมูลยา ห้ามแก้ไข'!A9 | B9: {=XLOOKUP(A9,'ข้อมูลยา ห้ามแก้ไข'!$A$2:$A994,'ข้อมูลยา ห้ามแก้ไข'!$B$2:$B994,"not found")} | C9: {=XLOOKUP(A9,'ข้อมูลยา ห้ามแก้ไข'!$A$2:$A994,'ข้อมูลยา ห้ามแก้ไข'!$C$2:$C994,"not found")} | D9: {=XLOOKUP(A9,'ข้อมูลยา ห้ามแก้ไข'!$A$2:$A994,'ข้อมูลยา ห้ามแก้ไข'!$D$2:$D994,"not found")} | E9: {=XLOOKUP(A9,'ข้อมูลยา ห้ามแก้ไข'!$A$2:$A994,'ข้อมูลยา ห้ามแก้ไข'!$F$2:$F994,"not found")} | F9: {=XLOOKUP(A9,'ข้อมูลยา ห้ามแก้ไข'!$A$2:$A994,'ข้อมูลยา ห้ามแก้ไข'!$G$2:$G994,"not found")} | G9: {=XLOOKUP(A9,'ข้อมูลยา ห้ามแก้ไข'!$A$2:$A994,'ข้อมูลยา ห้ามแก้ไข'!$I$2:$I994,"notfound")} | H9: {=XLOOKUP(A9,'ข้อมูลยา ห้ามแก้ไข'!$A$2:$A994,'ข้อมูลยา ห้ามแก้ไข'!$J$2:$J994,"not found")}
A10: ='ข้อมูลยา ห้ามแก้ไข'!A10 | B10: {=XLOOKUP(A10,'ข้อมูลยา ห้ามแก้ไข'!$A$2:$A994,'ข้อมูลยา ห้ามแก้ไข'!$B$2:$B994,"not found")} | C10: {=XLOOKUP(A10,'ข้อมูลยา ห้ามแก้ไข'!$A$2:$A994,'ข้อมูลยา ห้ามแก้ไข'!$C$2:$C994,"not found")} | D10: {=XLOOKUP(A10,'ข้อมูลยา ห้ามแก้ไข'!$A$2:$A994,'ข้อมูลยา ห้ามแก้ไข'!$D$2:$D994,"not found")} | E10: {=XLOOKUP(A10,'ข้อมูลยา ห้ามแก้ไข'!$A$2:$A994,'ข้อมูลยา ห้ามแก้ไข'!$F$2:$F994,"not found")} | F10: {=XLOOKUP(A10,'ข้อมูลยา ห้ามแก้ไข'!$A$2:$A994,'ข้อมูลยา ห้ามแก้ไข'!$G$2:$G994,"not found")} | G10: {=XLOOKUP(A10,'ข้อมูลยา ห้ามแก้ไข'!$A$2:$A994,'ข้อมูลยา ห้ามแก้ไข'!$I$2:$I994,"notfound")} | H10: {=XLOOKUP(A10,'ข้อมูลยา ห้ามแก้ไข'!$A$2:$A994,'ข้อมูลยา ห้ามแก้ไข'!$J$2:$J994,"not found")}
A11: ='ข้อมูลยา ห้ามแก้ไข'!A11 | B11: {=XLOOKUP(A11,'ข้อมูลยา ห้ามแก้ไข'!$A$2:$A994,'ข้อมูลยา ห้ามแก้ไข'!$B$2:$B994,"not found")} | C11: {=XLOOKUP(A11,'ข้อมูลยา ห้ามแก้ไข'!$A$2:$A994,'ข้อมูลยา ห้ามแก้ไข'!$C$2:$C994,"not found")} | D11: {=XLOOKUP(A11,'ข้อมูลยา ห้ามแก้ไข'!$A$2:$A994,'ข้อมูลยา ห้ามแก้ไข'!$D$2:$D994,"not found")} | E11: {=XLOOKUP(A11,'ข้อมูลยา ห้ามแก้ไข'!$A$2:$A994,'ข้อมูลยา ห้ามแก้ไข'!$F$2:$F994,"not found")} | F11: {=XLOOKUP(A11,'ข้อมูลยา ห้ามแก้ไข'!$A$2:$A994,'ข้อมูลยา ห้ามแก้ไข'!$G$2:$G994,"not found")} | G11: {=XLOOKUP(A11,'ข้อมูลยา ห้ามแก้ไข'!$A$2:$A994,'ข้อมูลยา ห้ามแก้ไข'!$I$2:$I994,"notfound")} | H11: {=XLOOKUP(A11,'ข้อมูลยา ห้ามแก้ไข'!$A$2:$A994,'ข้อมูลยา ห้ามแก้ไข'!$J$2:$J994,"not found")}
A12: ='ข้อมูลยา ห้ามแก้ไข'!A12 | B12: {=XLOOKUP(A12,'ข้อมูลยา ห้ามแก้ไข'!$A$2:$A994,'ข้อมูลยา ห้ามแก้ไข'!$B$2:$B994,"not found")} | C12: {=XLOOKUP(A12,'ข้อมูลยา ห้ามแก้ไข'!$A$2:$A994,'ข้อมูลยา ห้ามแก้ไข'!$C$2:$C994,"not found")} | D12: {=XLOOKUP(A12,'ข้อมูลยา ห้ามแก้ไข'!$A$2:$A994,'ข้อมูลยา ห้ามแก้ไข'!$D$2:$D994,"not found")} | E12: {=XLOOKUP(A12,'ข้อมูลยา ห้ามแก้ไข'!$A$2:$A994,'ข้อมูลยา ห้ามแก้ไข'!$F$2:$F994,"not found")} | F12: {=XLOOKUP(A12,'ข้อมูลยา ห้ามแก้ไข'!$A$2:$A994,'ข้อมูลยา ห้ามแก้ไข'!$G$2:$G994,"not found")} | G12: {=XLOOKUP(A12,'ข้อมูลยา ห้ามแก้ไข'!$A$2:$A994,'ข้อมูลยา ห้ามแก้ไข'!$I$2:$I994,"notfound")} | H12: {=XLOOKUP(A12,'ข้อมูลยา ห้ามแก้ไข'!$A$2:$A994,'ข้อมูลยา ห้ามแก้ไข'!$J$2:$J994,"not found")}
A13: ='ข้อมูลยา ห้ามแก้ไข'!A13 | B13: {=XLOOKUP(A13,'ข้อมูลยา ห้ามแก้ไข'!$A$2:$A994,'ข้อมูลยา ห้ามแก้ไข'!$B$2:$B994,"not found")} | C13: {=XLOOKUP(A13,'ข้อมูลยา ห้ามแก้ไข'!$A$2:$A994,'ข้อมูลยา ห้ามแก้ไข'!$C$2:$C994,"not found")} | D13: {=XLOOKUP(A13,'ข้อมูลยา ห้ามแก้ไข'!$A$2:$A994,'ข้อมูลยา ห้ามแก้ไข'!$D$2:$D994,"not found")} | E13: {=XLOOKUP(A13,'ข้อมูลยา ห้ามแก้ไข'!$A$2:$A994,'ข้อมูลยา ห้ามแก้ไข'!$F$2:$F994,"not found")} | F13: {=XLOOKUP(A13,'ข้อมูลยา ห้ามแก้ไข'!$A$2:$A994,'ข้อมูลยา ห้ามแก้ไข'!$G$2:$G994,"not found")} | G13: {=XLOOKUP(A13,'ข้อมูลยา ห้ามแก้ไข'!$A$2:$A994,'ข้อมูลยา ห้ามแก้ไข'!$I$2:$I994,"notfound")} | H13: {=XLOOKUP(A13,'ข้อมูลยา ห้ามแก้ไข'!$A$2:$A994,'ข้อมูลยา ห้ามแก้ไข'!$J$2:$J994,"not found")}
A14: ='ข้อมูลยา ห้ามแก้ไข'!A14 | B14: {=XLOOKUP(A14,'ข้อมูลยา ห้ามแก้ไข'!$A$2:$A994,'ข้อมูลยา ห้ามแก้ไข'!$B$2:$B994,"not found")} | C14: {=XLOOKUP(A14,'ข้อมูลยา ห้ามแก้ไข'!$A$2:$A994,'ข้อมูลยา ห้ามแก้ไข'!$C$2:$C994,"not found")} | D14: {=XLOOKUP(A14,'ข้อมูลยา ห้ามแก้ไข'!$A$2:$A994,'ข้อมูลยา ห้ามแก้ไข'!$D$2:$D994,"not found")} | E14: {=XLOOKUP(A14,'ข้อมูลยา ห้ามแก้ไข'!$A$2:$A994,'ข้อมูลยา ห้ามแก้ไข'!$F$2:$F994,"not found")} | F14: {=XLOOKUP(A14,'ข้อมูลยา ห้ามแก้ไข'!$A$2:$A994,'ข้อมูลยา ห้ามแก้ไข'!$G$2:$G994,"not found")} | G14: {=XLOOKUP(A14,'ข้อมูลยา ห้ามแก้ไข'!$A$2:$A994,'ข้อมูลยา ห้ามแก้ไข'!$I$2:$I994,"notfound")} | H14: {=XLOOKUP(A14,'ข้อมูลยา ห้ามแก้ไข'!$A$2:$A994,'ข้อมูลยา ห้ามแก้ไข'!$J$2:$J994,"not found")}
A15: ='ข้อมูลยา ห้ามแก้ไข'!A15 | B15: {=XLOOKUP(A15,'ข้อมูลยา ห้ามแก้ไข'!$A$2:$A994,'ข้อมูลยา ห้ามแก้ไข'!$B$2:$B994,"not found")} | C15: {=XLOOKUP(A15,'ข้อมูลยา ห้ามแก้ไข'!$A$2:$A994,'ข้อมูลยา ห้ามแก้ไข'!$C$2:$C994,"not found")} | D15: {=XLOOKUP(A15,'ข้อมูลยา ห้ามแก้ไข'!$A$2:$A994,'ข้อมูลยา ห้ามแก้ไข'!$D$2:$D994,"not found")} | E15: {=XLOOKUP(A15,'ข้อมูลยา ห้ามแก้ไข'!$A$2:$A994,'ข้อมูลยา ห้ามแก้ไข'!$F$2:$F994,"not found")} | F15: {=XLOOKUP(A15,'ข้อมูลยา ห้ามแก้ไข'!$A$2:$A994,'ข้อมูลยา ห้ามแก้ไข'!$G$2:$G994,"not found")} | G15: {=XLOOKUP(A15,'ข้อมูลยา ห้ามแก้ไข'!$A$2:$A994,'ข้อมูลยา ห้ามแก้ไข'!$I$2:$I994,"notfound")} | H15: {=XLOOKUP(A15,'ข้อมูลยา ห้ามแก้ไข'!$A$2:$A994,'ข้อมูลยา ห้ามแก้ไข'!$J$2:$J994,"not found")}
A16: ='ข้อมูลยา ห้ามแก้ไข'!A16 | B16: {=XLOOKUP(A16,'ข้อมูลยา ห้ามแก้ไข'!$A$2:$A994,'ข้อมูลยา ห้ามแก้ไข'!$B$2:$B994,"not found")} | C16: {=XLOOKUP(A16,'ข้อมูลยา ห้ามแก้ไข'!$A$2:$A994,'ข้อมูลยา ห้ามแก้ไข'!$C$2:$C994,"not found")} | D16: {=XLOOKUP(A16,'ข้อมูลยา ห้ามแก้ไข'!$A$2:$A994,'ข้อมูลยา ห้ามแก้ไข'!$D$2:$D994,"not found")} | E16: {=XLOOKUP(A16,'ข้อมูลยา ห้ามแก้ไข'!$A$2:$A994,'ข้อมูลยา ห้ามแก้ไข'!$F$2:$F994,"not found")} | F16: {=XLOOKUP(A16,'ข้อมูลยา ห้ามแก้ไข'!$A$2:$A994,'ข้อมูลยา ห้ามแก้ไข'!$G$2:$G994,"not found")} | G16: {=XLOOKUP(A16,'ข้อมูลยา ห้ามแก้ไข'!$A$2:$A994,'ข้อมูลยา ห้ามแก้ไข'!$I$2:$I994,"notfound")} | H16: {=XLOOKUP(A16,'ข้อมูลยา ห้ามแก้ไข'!$A$2:$A994,'ข้อมูลยา ห้ามแก้ไข'!$J$2:$J994,"not found")}
A17: ='ข้อมูลยา ห้ามแก้ไข'!A17 | B17: {=XLOOKUP(A17,'ข้อมูลยา ห้ามแก้ไข'!$A$2:$A994,'ข้อมูลยา ห้ามแก้ไข'!$B$2:$B994,"not found")} | C17: {=XLOOKUP(A17,'ข้อมูลยา ห้ามแก้ไข'!$A$2:$A994,'ข้อมูลยา ห้ามแก้ไข'!$C$2:$C994,"not found")} | D17: {=XLOOKUP(A17,'ข้อมูลยา ห้ามแก้ไข'!$A$2:$A994,'ข้อมูลยา ห้ามแก้ไข'!$D$2:$D994,"not found")} | E17: {=XLOOKUP(A17,'ข้อมูลยา ห้ามแก้ไข'!$A$2:$A994,'ข้อมูลยา ห้ามแก้ไข'!$F$2:$F994,"not found")} | F17: {=XLOOKUP(A17,'ข้อมูลยา ห้ามแก้ไข'!$A$2:$A994,'ข้อมูลยา ห้ามแก้ไข'!$G$2:$G994,"not found")} | G17: {=XLOOKUP(A17,'ข้อมูลยา ห้ามแก้ไข'!$A$2:$A994,'ข้อมูลยา ห้ามแก้ไข'!$I$2:$I994,"notfound")} | H17: {=XLOOKUP(A17,'ข้อมูลยา ห้ามแก้ไข'!$A$2:$A994,'ข้อมูลยา ห้ามแก้ไข'!$J$2:$J994,"not found")}
A18: ='ข้อมูลยา ห้ามแก้ไข'!A18 | B18: {=XLOOKUP(A18,'ข้อมูลยา ห้ามแก้ไข'!$A$2:$A994,'ข้อมูลยา ห้ามแก้ไข'!$B$2:$B994,"not found")} | C18: {=XLOOKUP(A18,'ข้อมูลยา ห้ามแก้ไข'!$A$2:$A994,'ข้อมูลยา ห้ามแก้ไข'!$C$2:$C994,"not found")} | D18: {=XLOOKUP(A18,'ข้อมูลยา ห้ามแก้ไข'!$A$2:$A994,'ข้อมูลยา ห้ามแก้ไข'!$D$2:$D994,"not found")} | E18: {=XLOOKUP(A18,'ข้อมูลยา ห้ามแก้ไข'!$A$2:$A994,'ข้อมูลยา ห้ามแก้ไข'!$F$2:$F994,"not found")} | F18: {=XLOOKUP(A18,'ข้อมูลยา ห้ามแก้ไข'!$A$2:$A994,'ข้อมูลยา ห้ามแก้ไข'!$G$2:$G994,"not found")} | G18: {=XLOOKUP(A18,'ข้อมูลยา ห้ามแก้ไข'!$A$2:$A994,'ข้อมูลยา ห้ามแก้ไข'!$I$2:$I994,"notfound")} | H18: {=XLOOKUP(A18,'ข้อมูลยา ห้ามแก้ไข'!$A$2:$A994,'ข้อมูลยา ห้ามแก้ไข'!$J$2:$J994,"not found")}
A19: ='ข้อมูลยา ห้ามแก้ไข'!A19 | B19: {=XLOOKUP(A19,'ข้อมูลยา ห้ามแก้ไข'!$A$2:$A994,'ข้อมูลยา ห้ามแก้ไข'!$B$2:$B994,"not found")} | C19: {=XLOOKUP(A19,'ข้อมูลยา ห้ามแก้ไข'!$A$2:$A994,'ข้อมูลยา ห้ามแก้ไข'!$C$2:$C994,"not found")} | D19: {=XLOOKUP(A19,'ข้อมูลยา ห้ามแก้ไข'!$A$2:$A994,'ข้อมูลยา ห้ามแก้ไข'!$D$2:$D994,"not found")} | E19: {=XLOOKUP(A19,'ข้อมูลยา ห้ามแก้ไข'!$A$2:$A994,'ข้อมูลยา ห้ามแก้ไข'!$F$2:$F994,"not found")} | F19: {=XLOOKUP(A19,'ข้อมูลยา ห้ามแก้ไข'!$A$2:$A994,'ข้อมูลยา ห้ามแก้ไข'!$G$2:$G994,"not found")} | G19: {=XLOOKUP(A19,'ข้อมูลยา ห้ามแก้ไข'!$A$2:$A994,'ข้อมูลยา ห้ามแก้ไข'!$I$2:$I994,"notfound")} | H19: {=XLOOKUP(A19,'ข้อมูลยา ห้ามแก้ไข'!$A$2:$A994,'ข้อมูลยา ห้ามแก้ไข'!$J$2:$J994,"not found")}
A20: ='ข้อมูลยา ห้ามแก้ไข'!A20 | B20: {=XLOOKUP(A20,'ข้อมูลยา ห้ามแก้ไข'!$A$2:$A994,'ข้อมูลยา ห้ามแก้ไข'!$B$2:$B994,"not found")} | C20: {=XLOOKUP(A20,'ข้อมูลยา ห้ามแก้ไข'!$A$2:$A994,'ข้อมูลยา ห้ามแก้ไข'!$C$2:$C994,"not found")} | D20: {=XLOOKUP(A20,'ข้อมูลยา ห้ามแก้ไข'!$A$2:$A994,'ข้อมูลยา ห้ามแก้ไข'!$D$2:$D994,"not found")} | E20: {=XLOOKUP(A20,'ข้อมูลยา ห้ามแก้ไข'!$A$2:$A994,'ข้อมูลยา ห้ามแก้ไข'!$F$2:$F994,"not found")} | F20: {=XLOOKUP(A20,'ข้อมูลยา ห้ามแก้ไข'!$A$2:$A994,'ข้อมูลยา ห้ามแก้ไข'!$G$2:$G994,"not found")} | G20: {=XLOOKUP(A20,'ข้อมูลยา ห้ามแก้ไข'!$A$2:$A994,'ข้อมูลยา ห้ามแก้ไข'!$I$2:$I994,"notfound")} | H20: {=XLOOKUP(A20,'ข้อมูลยา ห้ามแก้ไข'!$A$2:$A994,'ข้อมูลยา ห้ามแก้ไข'!$J$2:$J994,"not found")}
A21: ='ข้อมูลยา ห้ามแก้ไข'!A21 | B21: {=XLOOKUP(A21,'ข้อมูลยา ห้ามแก้ไข'!$A$2:$A994,'ข้อมูลยา ห้ามแก้ไข'!$B$2:$B994,"not found")} | C21: {=XLOOKUP(A21,'ข้อมูลยา ห้ามแก้ไข'!$A$2:$A994,'ข้อมูลยา ห้ามแก้ไข'!$C$2:$C994,"not found")} | D21: {=XLOOKUP(A21,'ข้อมูลยา ห้ามแก้ไข'!$A$2:$A994,'ข้อมูลยา ห้ามแก้ไข'!$D$2:$D994,"not found")} | E21: {=XLOOKUP(A21,'ข้อมูลยา ห้ามแก้ไข'!$A$2:$A994,'ข้อมูลยา ห้ามแก้ไข'!$F$2:$F994,"not found")} | F21: {=XLOOKUP(A21,'ข้อมูลยา ห้ามแก้ไข'!$A$2:$A994,'ข้อมูลยา ห้ามแก้ไข'!$G$2:$G994,"not found")} | G21: {=XLOOKUP(A21,'ข้อมูลยา ห้ามแก้ไข'!$A$2:$A994,'ข้อมูลยา ห้ามแก้ไข'!$I$2:$I994,"notfound")} | H21: {=XLOOKUP(A21,'ข้อมูลยา ห้ามแก้ไข'!$A$2:$A994,'ข้อมูลยา ห้ามแก้ไข'!$J$2:$J994,"not found")}
A22: ='ข้อมูลยา ห้ามแก้ไข'!A22 | B22: {=XLOOKUP(A22,'ข้อมูลยา ห้ามแก้ไข'!$A$2:$A994,'ข้อมูลยา ห้ามแก้ไข'!$B$2:$B994,"not found")} | C22: {=XLOOKUP(A22,'ข้อมูลยา ห้ามแก้ไข'!$A$2:$A994,'ข้อมูลยา ห้ามแก้ไข'!$C$2:$C994,"not found")} | D22: {=XLOOKUP(A22,'ข้อมูลยา ห้ามแก้ไข'!$A$2:$A994,'ข้อมูลยา ห้ามแก้ไข'!$D$2:$D994,"not found")} | E22: {=XLOOKUP(A22,'ข้อมูลยา ห้ามแก้ไข'!$A$2:$A994,'ข้อมูลยา ห้ามแก้ไข'!$F$2:$F994,"not found")} | F22: {=XLOOKUP(A22,'ข้อมูลยา ห้ามแก้ไข'!$A$2:$A994,'ข้อมูลยา ห้ามแก้ไข'!$G$2:$G994,"not found")} | G22: {=XLOOKUP(A22,'ข้อมูลยา ห้ามแก้ไข'!$A$2:$A994,'ข้อมูลยา ห้ามแก้ไข'!$I$2:$I994,"notfound")} | H22: {=XLOOKUP(A22,'ข้อมูลยา ห้ามแก้ไข'!$A$2:$A994,'ข้อมูลยา ห้ามแก้ไข'!$J$2:$J994,"not found")}
A23: ='ข้อมูลยา ห้ามแก้ไข'!A23 | B23: {=XLOOKUP(A23,'ข้อมูลยา ห้ามแก้ไข'!$A$2:$A994,'ข้อมูลยา ห้ามแก้ไข'!$B$2:$B994,"not found")} | C23: {=XLOOKUP(A23,'ข้อมูลยา ห้ามแก้ไข'!$A$2:$A994,'ข้อมูลยา ห้ามแก้ไข'!$C$2:$C994,"not found")} | D23: {=XLOOKUP(A23,'ข้อมูลยา ห้ามแก้ไข'!$A$2:$A994,'ข้อมูลยา ห้ามแก้ไข'!$D$2:$D994,"not found")} | E23: {=XLOOKUP(A23,'ข้อมูลยา ห้ามแก้ไข'!$A$2:$A994,'ข้อมูลยา ห้ามแก้ไข'!$F$2:$F994,"not found")} | F23: {=XLOOKUP(A23,'ข้อมูลยา ห้ามแก้ไข'!$A$2:$A994,'ข้อมูลยา ห้ามแก้ไข'!$G$2:$G994,"not found")} | G23: {=XLOOKUP(A23,'ข้อมูลยา ห้ามแก้ไข'!$A$2:$A994,'ข้อมูลยา ห้ามแก้ไข'!$I$2:$I994,"notfound")} | H23: {=XLOOKUP(A23,'ข้อมูลยา ห้ามแก้ไข'!$A$2:$A994,'ข้อมูลยา ห้ามแก้ไข'!$J$2:$J994,"not found")}
A24: ='ข้อมูลยา ห้ามแก้ไข'!A24 | B24: {=XLOOKUP(A24,'ข้อมูลยา ห้ามแก้ไข'!$A$2:$A994,'ข้อมูลยา ห้ามแก้ไข'!$B$2:$B994,"not found")} | C24: {=XLOOKUP(A24,'ข้อมูลยา ห้ามแก้ไข'!$A$2:$A994,'ข้อมูลยา ห้ามแก้ไข'!$C$2:$C994,"not found")} | D24: {=XLOOKUP(A24,'ข้อมูลยา ห้ามแก้ไข'!$A$2:$A994,'ข้อมูลยา ห้ามแก้ไข'!$D$2:$D994,"not found")} | E24: {=XLOOKUP(A24,'ข้อมูลยา ห้ามแก้ไข'!$A$2:$A994,'ข้อมูลยา ห้ามแก้ไข'!$F$2:$F994,"not found")} | F24: {=XLOOKUP(A24,'ข้อมูลยา ห้ามแก้ไข'!$A$2:$A994,'ข้อมูลยา ห้ามแก้ไข'!$G$2:$G994,"not found")} | G24: {=XLOOKUP(A24,'ข้อมูลยา ห้ามแก้ไข'!$A$2:$A994,'ข้อมูลยา ห้ามแก้ไข'!$I$2:$I994,"notfound")} | H24: {=XLOOKUP(A24,'ข้อมูลยา ห้ามแก้ไข'!$A$2:$A994,'ข้อมูลยา ห้ามแก้ไข'!$J$2:$J994,"not found")}
A25: ='ข้อมูลยา ห้ามแก้ไข'!A25 | B25: {=XLOOKUP(A25,'ข้อมูลยา ห้ามแก้ไข'!$A$2:$A994,'ข้อมูลยา ห้ามแก้ไข'!$B$2:$B994,"not found")} | C25: {=XLOOKUP(A25,'ข้อมูลยา ห้ามแก้ไข'!$A$2:$A994,'ข้อมูลยา ห้ามแก้ไข'!$C$2:$C994,"not found")} | D25: {=XLOOKUP(A25,'ข้อมูลยา ห้ามแก้ไข'!$A$2:$A994,'ข้อมูลยา ห้ามแก้ไข'!$D$2:$D994,"not found")} | E25: {=XLOOKUP(A25,'ข้อมูลยา ห้ามแก้ไข'!$A$2:$A994,'ข้อมูลยา ห้ามแก้ไข'!$F$2:$F994,"not found")} | F25: {=XLOOKUP(A25,'ข้อมูลยา ห้ามแก้ไข'!$A$2:$A994,'ข้อมูลยา ห้ามแก้ไข'!$G$2:$G994,"not found")} | G25: {=XLOOKUP(A25,'ข้อมูลยา ห้ามแก้ไข'!$A$2:$A994,'ข้อมูลยา ห้ามแก้ไข'!$I$2:$I994,"notfound")} | H25: {=XLOOKUP(A25,'ข้อมูลยา ห้ามแก้ไข'!$A$2:$A994,'ข้อมูลยา ห้ามแก้ไข'!$J$2:$J994,"not found")}
A26: ='ข้อมูลยา ห้ามแก้ไข'!A26 | B26: {=XLOOKUP(A26,'ข้อมูลยา ห้ามแก้ไข'!$A$2:$A994,'ข้อมูลยา ห้ามแก้ไข'!$B$2:$B994,"not found")} | C26: {=XLOOKUP(A26,'ข้อมูลยา ห้ามแก้ไข'!$A$2:$A994,'ข้อมูลยา ห้ามแก้ไข'!$C$2:$C994,"not found")} | D26: {=XLOOKUP(A26,'ข้อมูลยา ห้ามแก้ไข'!$A$2:$A994,'ข้อมูลยา ห้ามแก้ไข'!$D$2:$D994,"not found")} | E26: {=XLOOKUP(A26,'ข้อมูลยา ห้ามแก้ไข'!$A$2:$A994,'ข้อมูลยา ห้ามแก้ไข'!$F$2:$F994,"not found")} | F26: {=XLOOKUP(A26,'ข้อมูลยา ห้ามแก้ไข'!$A$2:$A994,'ข้อมูลยา ห้ามแก้ไข'!$G$2:$G994,"not found")} | G26: {=XLOOKUP(A26,'ข้อมูลยา ห้ามแก้ไข'!$A$2:$A994,'ข้อมูลยา ห้ามแก้ไข'!$I$2:$I994,"notfound")} | H26: {=XLOOKUP(A26,'ข้อมูลยา ห้ามแก้ไข'!$A$2:$A994,'ข้อมูลยา ห้ามแก้ไข'!$J$2:$J994,"not found")}
A27: ='ข้อมูลยา ห้ามแก้ไข'!A27 | B27: {=XLOOKUP(A27,'ข้อมูลยา ห้ามแก้ไข'!$A$2:$A994,'ข้อมูลยา ห้ามแก้ไข'!$B$2:$B994,"not found")} | C27: {=XLOOKUP(A27,'ข้อมูลยา ห้ามแก้ไข'!$A$2:$A994,'ข้อมูลยา ห้ามแก้ไข'!$C$2:$C994,"not found")} | D27: {=XLOOKUP(A27,'ข้อมูลยา ห้ามแก้ไข'!$A$2:$A994,'ข้อมูลยา ห้ามแก้ไข'!$D$2:$D994,"not found")} | E27: {=XLOOKUP(A27,'ข้อมูลยา ห้ามแก้ไข'!$A$2:$A994,'ข้อมูลยา ห้ามแก้ไข'!$F$2:$F994,"not found")} | F27: {=XLOOKUP(A27,'ข้อมูลยา ห้ามแก้ไข'!$A$2:$A994,'ข้อมูลยา ห้ามแก้ไข'!$G$2:$G994,"not found")} | G27: {=XLOOKUP(A27,'ข้อมูลยา ห้ามแก้ไข'!$A$2:$A994,'ข้อมูลยา ห้ามแก้ไข'!$I$2:$I994,"notfound")} | H27: {=XLOOKUP(A27,'ข้อมูลยา ห้ามแก้ไข'!$A$2:$A994,'ข้อมูลยา ห้ามแก้ไข'!$J$2:$J994,"not found")}
A28: ='ข้อมูลยา ห้ามแก้ไข'!A28 | B28: {=XLOOKUP(A28,'ข้อมูลยา ห้ามแก้ไข'!$A$2:$A994,'ข้อมูลยา ห้ามแก้ไข'!$B$2:$B994,"not found")} | C28: {=XLOOKUP(A28,'ข้อมูลยา ห้ามแก้ไข'!$A$2:$A994,'ข้อมูลยา ห้ามแก้ไข'!$C$2:$C994,"not found")} | D28: {=XLOOKUP(A28,'ข้อมูลยา ห้ามแก้ไข'!$A$2:$A994,'ข้อมูลยา ห้ามแก้ไข'!$D$2:$D994,"not found")} | E28: {=XLOOKUP(A28,'ข้อมูลยา ห้ามแก้ไข'!$A$2:$A994,'ข้อมูลยา ห้ามแก้ไข'!$F$2:$F994,"not found")} | F28: {=XLOOKUP(A28,'ข้อมูลยา ห้ามแก้ไข'!$A$2:$A994,'ข้อมูลยา ห้ามแก้ไข'!$G$2:$G994,"not found")} | G28: {=XLOOKUP(A28,'ข้อมูลยา ห้ามแก้ไข'!$A$2:$A994,'ข้อมูลยา ห้ามแก้ไข'!$I$2:$I994,"notfound")} | H28: {=XLOOKUP(A28,'ข้อมูลยา ห้ามแก้ไข'!$A$2:$A994,'ข้อมูลยา ห้ามแก้ไข'!$J$2:$J994,"not found")}
A29: ='ข้อมูลยา ห้ามแก้ไข'!A29 | B29: {=XLOOKUP(A29,'ข้อมูลยา ห้ามแก้ไข'!$A$2:$A994,'ข้อมูลยา ห้ามแก้ไข'!$B$2:$B994,"not found")} | C29: {=XLOOKUP(A29,'ข้อมูลยา ห้ามแก้ไข'!$A$2:$A994,'ข้อมูลยา ห้ามแก้ไข'!$C$2:$C994,"not found")} | D29: {=XLOOKUP(A29,'ข้อมูลยา ห้ามแก้ไข'!$A$2:$A994,'ข้อมูลยา ห้ามแก้ไข'!$D$2:$D994,"not found")} | E29: {=XLOOKUP(A29,'ข้อมูลยา ห้ามแก้ไข'!$A$2:$A994,'ข้อมูลยา ห้ามแก้ไข'!$F$2:$F994,"not found")} | F29: {=XLOOKUP(A29,'ข้อมูลยา ห้ามแก้ไข'!$A$2:$A994,'ข้อมูลยา ห้ามแก้ไข'!$G$2:$G994,"not found")} | G29: {=XLOOKUP(A29,'ข้อมูลยา ห้ามแก้ไข'!$A$2:$A994,'ข้อมูลยา ห้ามแก้ไข'!$I$2:$I994,"notfound")} | H29: {=XLOOKUP(A29,'ข้อมูลยา ห้ามแก้ไข'!$A$2:$A994,'ข้อมูลยา ห้ามแก้ไข'!$J$2:$J994,"not found")}
A30: ='ข้อมูลยา ห้ามแก้ไข'!A30 | B30: {=XLOOKUP(A30,'ข้อมูลยา ห้ามแก้ไข'!$A$2:$A994,'ข้อมูลยา ห้ามแก้ไข'!$B$2:$B994,"not found")} | C30: {=XLOOKUP(A30,'ข้อมูลยา ห้ามแก้ไข'!$A$2:$A994,'ข้อมูลยา ห้ามแก้ไข'!$C$2:$C994,"not found")} | D30: {=XLOOKUP(A30,'ข้อมูลยา ห้ามแก้ไข'!$A$2:$A994,'ข้อมูลยา ห้ามแก้ไข'!$D$2:$D994,"not found")} | E30: {=XLOOKUP(A30,'ข้อมูลยา ห้ามแก้ไข'!$A$2:$A994,'ข้อมูลยา ห้ามแก้ไข'!$F$2:$F994,"not found")} | F30: {=XLOOKUP(A30,'ข้อมูลยา ห้ามแก้ไข'!$A$2:$A994,'ข้อมูลยา ห้ามแก้ไข'!$G$2:$G994,"not found")} | G30: {=XLOOKUP(A30,'ข้อมูลยา ห้ามแก้ไข'!$A$2:$A994,'ข้อมูลยา ห้ามแก้ไข'!$I$2:$I994,"notfound")} | H30: {=XLOOKUP(A30,'ข้อมูลยา ห้ามแก้ไข'!$A$2:$A994,'ข้อมูลยา ห้ามแก้ไข'!$J$2:$J994,"not found")}
A31: ='ข้อมูลยา ห้ามแก้ไข'!A31 | B31: {=XLOOKUP(A31,'ข้อมูลยา ห้ามแก้ไข'!$A$2:$A994,'ข้อมูลยา ห้ามแก้ไข'!$B$2:$B994,"not found")} | C31: {=XLOOKUP(A31,'ข้อมูลยา ห้ามแก้ไข'!$A$2:$A994,'ข้อมูลยา ห้ามแก้ไข'!$C$2:$C994,"not found")} | D31: {=XLOOKUP(A31,'ข้อมูลยา ห้ามแก้ไข'!$A$2:$A994,'ข้อมูลยา ห้ามแก้ไข'!$D$2:$D994,"not found")} | E31: {=XLOOKUP(A31,'ข้อมูลยา ห้ามแก้ไข'!$A$2:$A994,'ข้อมูลยา ห้ามแก้ไข'!$F$2:$F994,"not found")} | F31: {=XLOOKUP(A31,'ข้อมูลยา ห้ามแก้ไข'!$A$2:$A994,'ข้อมูลยา ห้ามแก้ไข'!$G$2:$G994,"not found")} | G31: {=XLOOKUP(A31,'ข้อมูลยา ห้ามแก้ไข'!$A$2:$A994,'ข้อมูลยา ห้ามแก้ไข'!$I$2:$I994,"notfound")} | H31: {=XLOOKUP(A31,'ข้อมูลยา ห้ามแก้ไข'!$A$2:$A994,'ข้อมูลยา ห้ามแก้ไข'!$J$2:$J994,"not found")}
A32: ='ข้อมูลยา ห้ามแก้ไข'!A32 | B32: {=XLOOKUP(A32,'ข้อมูลยา ห้ามแก้ไข'!$A$2:$A994,'ข้อมูลยา ห้ามแก้ไข'!$B$2:$B994,"not found")} | C32: {=XLOOKUP(A32,'ข้อมูลยา ห้ามแก้ไข'!$A$2:$A994,'ข้อมูลยา ห้ามแก้ไข'!$C$2:$C994,"not found")} | D32: {=XLOOKUP(A32,'ข้อมูลยา ห้ามแก้ไข'!$A$2:$A994,'ข้อมูลยา ห้ามแก้ไข'!$D$2:$D994,"not found")} | E32: {=XLOOKUP(A32,'ข้อมูลยา ห้ามแก้ไข'!$A$2:$A994,'ข้อมูลยา ห้ามแก้ไข'!$F$2:$F994,"not found")} | F32: {=XLOOKUP(A32,'ข้อมูลยา ห้ามแก้ไข'!$A$2:$A994,'ข้อมูลยา ห้ามแก้ไข'!$G$2:$G994,"not found")} | G32: {=XLOOKUP(A32,'ข้อมูลยา ห้ามแก้ไข'!$A$2:$A994,'ข้อมูลยา ห้ามแก้ไข'!$I$2:$I994,"notfound")} | H32: {=XLOOKUP(A32,'ข้อมูลยา ห้ามแก้ไข'!$A$2:$A994,'ข้อมูลยา ห้ามแก้ไข'!$J$2:$J994,"not found")}
A33: ='ข้อมูลยา ห้ามแก้ไข'!A33 | B33: {=XLOOKUP(A33,'ข้อมูลยา ห้ามแก้ไข'!$A$2:$A994,'ข้อมูลยา ห้ามแก้ไข'!$B$2:$B994,"not found")} | C33: {=XLOOKUP(A33,'ข้อมูลยา ห้ามแก้ไข'!$A$2:$A994,'ข้อมูลยา ห้ามแก้ไข'!$C$2:$C994,"not found")} | D33: {=XLOOKUP(A33,'ข้อมูลยา ห้ามแก้ไข'!$A$2:$A994,'ข้อมูลยา ห้ามแก้ไข'!$D$2:$D994,"not found")} | E33: {=XLOOKUP(A33,'ข้อมูลยา ห้ามแก้ไข'!$A$2:$A994,'ข้อมูลยา ห้ามแก้ไข'!$F$2:$F994,"not found")} | F33: {=XLOOKUP(A33,'ข้อมูลยา ห้ามแก้ไข'!$A$2:$A994,'ข้อมูลยา ห้ามแก้ไข'!$G$2:$G994,"not found")} | G33: {=XLOOKUP(A33,'ข้อมูลยา ห้ามแก้ไข'!$A$2:$A994,'ข้อมูลยา ห้ามแก้ไข'!$I$2:$I994,"notfound")} | H33: {=XLOOKUP(A33,'ข้อมูลยา ห้ามแก้ไข'!$A$2:$A994,'ข้อมูลยา ห้ามแก้ไข'!$J$2:$J994,"not found")}
A34: ='ข้อมูลยา ห้ามแก้ไข'!A34
A35: ='ข้อมูลยา ห้ามแก้ไข'!A35
A36: ='ข้อมูลยา ห้ามแก้ไข'!A36
A37: ='ข้อมูลยา ห้ามแก้ไข'!A37
A38: ='ข้อมูลยา ห้ามแก้ไข'!A38
A39: ='ข้อมูลยา ห้ามแก้ไข'!A39
A40: ='ข้อมูลยา ห้ามแก้ไข'!A40

Sheet ข้อมูลยา ห้ามแก้ไข
A1: 250 | B1: ปริมาณตัวทำละลายผงยา (ml) | C1: total volume | D1: conc (mg/ml) | E1: conc. only ตัวเลข mg/ml | F1: สารน้ำที่ใช้เจือจาง | G1: administration conc. | H1: administration conc. ต่ำสุด only ตัวเลข | I1: administration rate | J1: *หมายเหตุ | K1: dose (from sanford guide) | L1: Minimum dose per Kg | M1: Maximum dose per Kg | N1: Divided per day (ครั้ง) | O1: ความถี่การให้ยา | P1: อายุ
A2: Adrenaline 1 mg/1ml | B2: 0 | C2: - | D2: 1 mg/ml (1:1000) | E2: 1 | F2: D5W D10W NSS* | G2: infusion max conc 60 mcg/ml | H2: - | J2: NSS (compativle but administration in saline solution alone is not recomeded)
A3: Calcium gluconate 0.45 mEq/1 ml (10 ml/amp) | B3: 0 | C3: - | D3: 0.45 mEq/ml | E3: 0.45 | F3: D5W D10W NSS | G3: conc bolus 10-50 mg/ml conc continuous infusion 5.8-10 mg/ml | H3: 5.8 | I3: max IV drip 100 mg/min, max continuos drip neonate (<1 month): 17-33 mg/kg/hr, >1 month - 17 year: 8-13 mg/kg/hr
A4: Ciprofloxacin 400 mg/200 ml | B4: 0 | C4: - | D4: 2 mg/ml | E4: 2 | F4: D5W D10W NSS D5N/2 D5N/4 LRS | G4: 0.5-2 mg/ml | H4: 0.5 | I4: IV drip over 60 min | K4: 20-30 mg/kg/day (divided q 12 hr) | L4: 20 | M4: 30 | N4: 2 | O4: ทุก 12 ชั่วโมง
A5: Dexamethasone 4mg/1ml | B5: 0 | C5: - | D5: 4 mg/ml | E5: 4 | F5: D5W D10W NSS | G5: undiluted or diluted to 0.1-1 mg/ml | H5: 0.1 | I5: -
A6: DIAZEPAM 10 mg/ 2 ml | B6: 0 | C6: - | D6: 5 mg/ml | E6: 5 | K6: sedation: 0.05-0.1 mg/kg/dose seizures 0.2-0.3 mg/kg | L6: 0.2 | M6: 0.3
A7: Gentamicin 80 mg/2ml | B7: 0 | C7: - | D7: 40 mg/ml | E7: 40 | F7: D5W D10W NSS | G7: 1 mg/ml or 2 mg/ml or 10 mg/ml or 10 mg/ml | H7: 1 | I7: IV drip in 30 min | K7: - 2.5 (divided q 8 hr) - 5-7 mg/kg/day) OD - max 105 mg/day | L7: 5 | M7: 7 | N7: 3 | O7: ทุก 8 ชั่วโมง
A8: Levetiracetam 100 mg/1ml (5 ml/vial) | B8: 0 | C8: - | D8: 100 mg/1ml | E8: 100 | F8: D5W NSS LRS | G8: max 15 mg/ml | H8: 15 | I8: IV drip over 15 min
A9: Methylprednisolone 40 mg/1 mg (single dose vial) | B9: 0 | C9: - | D9: 40 mg/ml | E9: 40 | F9: D5W NSS D5S D5N/2 LRS | G9: IV push over several min, IV infusion high dose 15-30 mg/kg or 500-1000 mg per dose to 2.5-20 mg/ml | H9: 2.5 | I9: IV drip over 30 min to 3 hr
A10: Metronidazole 500 mg/100 ml | B10: 0 | C10: - | D10: 5 mg/ml | E10: 5 | F10: D5W NSS | G10: max 8 mg/ml | H10: 8 | I10: IV drip over 30-60 min | K10: 22.5-40 mg/kg/day (divided q 6-8) | L10: 22.5 | M10: 40 | N10: 3 | O10: ทุก 8 ชั่วโมง
A11: ONDANSETRON 4 mg /2 ml. | B11: 0 | C11: - | D11: 2 mg/ml | E11: 2 | K11: 0.15 mg/kg/dose
A12: Phenobarbital 200 mg/1 ml | B12: 0 | C12: - | D12: 200 mg/ml | E12: 200 | F12: D5W D10W NSS | G12: standard conc 10 mg/ml and 65 mg/ml | H12: 10 | I12: IV drip 15- 30 min
A13: Phenytoin 250 mg/5ml | B13: 0 | C13: - | D13: 50 mg/ml | E13: 50 | F13: NSS only | G13: IV infusion not less than 5 mg/ml | H13: 5 | I13: IV drip in 15-30 min
A14: Potassium chloride 40 mEq/20 ml | B14: 0 | C14: - | D14: 2 mEq/ml | E14: 2 | F14: D5W D10W NSS D5N/2 D5N/4 LRS, Acetar | G14: max. peripheral infusion 60-80 mEq/L max. central line infusion 200 mEq/L | I14: max 1 mEq/kg/hr or 40 mEq/hr
A15: Sodium valproate 400 mg/4ml | B15: 0 | C15: - | D15: 100 mg/ml | E15: 100 | F15: D5W NSS LRS | I15: IV drip max 20 mg/min over 60 min | J15: เจือจางในสารน้ำ อย่างน้อย 50 ml
A16: Amoxy-clave 1.2 g | B16: NSS,SWI 19.1 ml | C16: 20 ml | D16: 50 mg/ml | E16: 50 | F16: NSS | G16: 10-20 mg of amoxicillin/ml | H16: 10 | I16: IV drip in 30-40 min | K16: <3 mo, wt. <4 kg: 25 mg/kg q 12 hr <3 mo, wt. >=4 kg: 25 mg/kg q 8 hr >=3 mo, wt. <40 kg: 25 mg/kg q 8 hr >=3 mo, wt. <40 kg: 1000/200 q 8 hr
A17: Ampicillin 1000 mg | B17: NSS,SWI 7.4 ml | C17: 10 ml | D17: 100 mg/ml | E17: 100 | F17: D5W NSS D5N/2 LRS | G17: recommened 30,40,50,100 mg/ml | H17: 30 | I17: IV drip in 30 min | K17: - 200 mg/kg/day (divided q 6 hr) - meningitis 300-400 mg/kg/day (divided q 4 hr) | L17: 200 | N17: 4 | O17: ทุก 6 ชั่วโมง
A18: Ampicillin 500 mg | B18: NSS,SWI 5 ml | C18: 5 ml | D18: 100 mg/ml | E18: 100 | F18: D5W | G18: recommened 30,40,50,100 mg/ml | H18: 30 | I18: IV drip in 30 min | K18: -200 mg/kg/day (divided q 6 hr) -meningitis 300-400 mg/kg/day (divided q 4 hr) | L18: 200 | N18: 4 | O18: ทุก 6 ชั่วโมง
A19: Cefazolin 1 g | B19: SWI 4.5 ml | C19: 5 ml | D19: 200 mg/ml | E19: 200 | F19: NSS D5W D10W LRS | G19: IV bolus 100 mg/ml, IV infusion 5-20 mg/ml | H19: 5 | I19: IV bolus over 3-5 min or IV drip 30-60 min | K19: -50-150 mg/kg/day (divided q 6-8 hr) -max 6 gm/day | L19: 50 | M19: 150 | N19: 4 | O19: ทุก 6 ชั่วโมง
A20: Cefotaxime 1 g | B20: SWI 9.6 ml | C20: 10 ml | D20: 100 mg/ml | E20: 100 | F20: NSS D5W D10W | G20: IV bolus 50-100 mg/ml, IV infusion 10-40 mg/ml | H20: 10 | I20: IV drip in 30 min | K20: Standard 0-7 day: 100 mg/kg/day (divided q 12 hr) 8-28 day: 150 mg/kg/day (divided q 8 hr) >28 day: 150-200 mg/kg/day (divided q 6-8 hr) Meningitis 0-7 day: 100-150 mg/kg/day (divided q 8-12 hr) 8-28 day: 150-200 mg/kg/day (divided q 6-8 ht) >28 day: 225-300 mg/kg/day (divided q 6-8 ht)
A21: Ceftazidime 1 g | B21: SWI 9 ml | C21: 10 ml | D21: 100 mg/ml | E21: 100 | F21: NSS D5W D10W | G21: 1-40 mg/ml | H21: 20 | I21: IV drip over 30-60 min | J21: น้อยกว่า 1 g เจือจางในสารน้ำ 30-50 ml, มากกว่า 1 g เจือจางในสารน้ำ 60-100 ml | K21: -150-200 mg/kg/day divided q 8 hr -CF: 300 mg2kg/day divided q 8 hr | L21: 150 | M21: 200 | N21: 3 | O21: ทุก 8 ชั่วโมง
A22: Ceftriaxone 1 g | B22: SWI 9.5 ml | C22: 10 ml | D22: 100 mg/ml | E22: 100 | F22: NSS D5W D10W | G22: 10-40 mg/ml (or lower if necessary) | H22: 10 | I22: <1 g IV drip in 30 min, > 1 g IV drip in 60 min | J22: น้อยกว่า 1 g เจือจางในสารน้ำ 30-50 ml, มากกว่า 1 g เจือจางในสารน้ำ 60-100 ml | K22: -50-100 mg/kg q 24 hr -meningitis: 50 mg/kg q 12 hr | L22: 50 | M22: 100 | N22: 1 | O22: ทุก 8 ชั่วโมง
A23: Cloxacillin 1 g | B23: IV bolus SWI 9.6 ml, IV infusion SWI 3.4 ml | C23: IV bolus 10 ml, IV infusion 4 ml | D23: IV bolus 100 mg/ml, IV infusion 250 mg/ml | E23: 250 | F23: NSS D5W* | G23: IV push 50 or 10 mg/ml, IV infusion +solution to 100 ml | I23: IV bolus over 2-4 min, IV drip over 30-40 min | J23: ให้ add NSS to 100 ml ***ใน D5W โอกาสเกิด phlebitis มากกว่า | K23: -50-200 mg/kg/day divided q 6 hr | L23: 50 | M23: 200 | N23: 4 | O23: ทุก 6 ชั่วโมง
A24: Colistin 150 mg | B24: SWI 2 ml | C24: 2 ml | D24: 75 mg/ml | E24: 75 | F24: NSS, D5W, D5S, D10W, SWI | G24: 75 mg/ml | H24: 75 | I24: IV drip 30-60 min | K24: -2.5-5 mg/kg/day divided q 6-12 hr -CF: 3-8 mg/kg/day divided q 8 hr | L24: 2.5 | M24: 5 | N24: 2 | O24: ทุก 12 ชั่วโมง
A25: Hydrocortisone 100 mg | B25: SWI 1.8 ml | C25: 2 ml | D25: 50 mg/ml | E25: 50 | F25: NSS D5W | G25: IV infusion 1 mg/ml, fluid-restricted pt. IV bolus up to 3000 mg + 50 ml and IV infusion 1,2,5 mg/ml | H25: 1 | I25: IV bolus 30 sec. (100 mg) to 10 min (500 mg and more),
A26: Meropenem 1 g | B26: SWI 19 ml | C26: 20 ml | D26: 50 mg/ml | E26: 50 | F26: NSS D5W D10W | G26: 1-20 mg/ml | H26: 4 | I26: IV drip over 30 min | K26: -60 mg/kg/day divided q 8 hr -Meninigitis 120 mg/kg/day divided q 8 hr | L26: 60 | N26: 3 | O26: ทุก 8 ชั่วโมง
A27: Omeprazole 40 mg | B27: SWI 10 ml | C27: - | D27: 4 mg/ml | E27: 4 | F27: NSS | G27: direct IV or dilute 50-100 ml iv infusion | H27: - | I27: direct IV 40 mg over 5 min or IV drip 20-30 min | J27: infusion เจือจางในสารน้ำ 50-100 ml
A28: Penicillin G Sodium 5 MU | B28: SWI 8 ml | C28: 10 ml | D28: 500,000 unit/ml | E28: 500000 | F28: NSS D5W | G28: 50,000-100,000 unit/ml (in neonate 25,000 unit/ml has been used) | H28: 50000 | I28: IV drip : add solution up to 30 ml drip over 15-30 min | K28: -100,000 - 300,000 unit/kg/day divided q 4-6 hr -CNS 300,000 - 400,000 unit/kg/day divied q 4 hr -meningitis <= 7 day: 450,000 unit/kg/day divied q 8 hr >7 day: 500,000 unit/kg/day divied q 6 hr | L28: 100000 | M28: 300000 | N28: 4 | O28: ทุก 6 ชั่วโมง
A29: Piperacillin+tazobactam 4.5 g | B29: SWI 20 ML | C29: - | D29: 180 mg/mL | E29: 180 | F29: NSS D5W | G29: 20-80 mg/ml of piperacillin | H29: 20 | I29: IV drip over 30 min | K29: 400 mg/kg/day divided q 6 hr | L29: 400 | N29: 4 | O29: ทุก 6 ชั่วโมง | S29: piperacillin 180 mg/ml, tazobactam 22.5 mg/ml (after recon. conc.= 202.5 mg/mL)
A30: Vancomycin 500 mg | B30: SWI 10 ml | C30: - | D30: 50 mg/ml | E30: 50 | F30: NSS D5W | G30: 5 mg/ml | H30: 5 | I30: max rate 10 mg/min | K30: 60-80 mg/kg/day divided q 6 hr | L30: 60 | M30: 80 | N30: 4 | O30: ทุก 6 ชั่วโมง
A31: Acyclovir 250 mg | B31: SWI 10 ML | C31: - | D31: 25 mg/ml | E31: 25 | F31: NSS | G31: <5 | H31: 4 | I31: IV drip conc <5 mg/ml drip over 1 hr | J31: IV drip conc <5 mg/ml | K31: -60 mg/kg/day divided q 8 hr -HSV encephalitis >3 MO 30-45 mg/kg/day divided q 8 hr | L31: 60 | N31: 3 | O31: ทุก 8 ชั่วโมง
A32: Amikacin sulfate 500 mg/2 ml | B32: 0 | C32: - | D32: 250 MG/ml | E32: 250 | F32: D5W NSS | G32: 2.5- 10 mg/ml | H32: 2.5 | I32: IV drip in 30 min | K32: -15-20 mg/kg/day once daily -5-7.5 mg/kg q 8 hr | L32: 15 | M32: 20 | N32: 1 | O32: ทุก 24 ชั่วโมง
A33: Clindamycin 600 mg/4ml | B33: 0 | C33: - | D33: 150 mg/ml | E33: 150 | F33: D5W D10W NSS | G33: max 18 mg/ml standard conc. 6 mg/ml or 12 mg/ml or 18 mg/ml | H33: 6 | I33: IV drip in 10-60 min not exceed 30 mg/min | K33: 20-40 mg/kg/day divided q 6-8 hr | L33: 20 | M33: 40 | N33: 3 | O33: ทุก 8 ชั่วโมง
A34: Amiodarone Hydrochloride 50 mg/ml | B34: 0 | C34: - | D34: 50 mg/ml | E34: 50 | F34: D5W
A35: DIGOXIN IV 0.25 mg/ml | B35: 0 | C35: - | D35: 0.25 mg/ml | E35: 0.25 | F35: D5W NSS
A36: DIPOTASSIUM PHOSPHATE 1meq/ml | B36: 0 | C36: - | D36: 1 meq/ml | E36: 1 | F36: D5W NSS
A37: 50%MAGNESIUM SULFATE 0.5 g/ml | B37: 0 | C37: - | D37: 500 mg/ml | E37: 500 | F37: D5W NSS

Sheet ข้อมูลยาน้ำ ห้ามแก้ไข
A1: รายการยา | B1: Concentration (mg/ml) | C1: standard dose (sanford guide 2025) age > 28 day | D1: High dose regimen (sanford guide 2025) | E1: max dose | F1: Standard Dose (micromedex) | G1: High dose regimen | H1: Maximum dose | I1: กระทรวง | J1: อายุ
A2: AMOXICILLIN 125 mg/5ml x 1 ขวด (60 ml.) | B2: 25 | C2: 25-50 mg/kg/day divied q 8 hr | D2: 80-100 mg/kg/day | E2: 2-3 g/day (max 875 mg/dose) | F2: <3 MO 15 mg/kg/dose q 12 hr >3 MO & Wt.<40 kg 25-45 mg/kg/day >=3 MO& Wt. >40 kg 500 mg/dose q 8-12 hr, 250 mg/dose q 8 hr, 875 mg q 12 hr | G2: 50 mg/kg/dose | H2: 3000 mg/day | I2: 20-50 mg/kg/day divied q 8 hr
A3: Co-Amoxiclav 457 mg/5ml x 1 ขวด | B3: 80 | C3: 45 mg/kg/day divied q 12 hr | D3: 90 mg/kg/day divied q 12 hr | E3: 90 mg/kg/day (max 4000 mg Amox/day) | F3: <90 day: 30 mg/kg/day divied q 12 hr >90 day: 25 mg/kg/day divied q 12 hr (max 500 mg/dose), 20 mg/kg/day divied q 8 hr (max250 mg/dose) | G3: 90 mg/kg/day | H3: 4000 mg/day | I3: 25-45 mg/kg/day divied q 8 hr
A4: DICLOXACILLIN 62.5 mg/5ml x 1 ขวด (60 ml.) | B4: 12.5 | C4: 12.5-25 mg/kg/day divied q 6 hr | D4: 50-100 mg/kg/day divied q 6 hr | E4: 2000-4000 mg/day (max 500-1000 mg/dose) | F4: SSTI: 12.5-25 mg/kg/day divied q 6 hr (max 250 mg/dose) | G4: 50-100 mg/kg/day divied q 6 hr | H4: 4000 mg/day | I4: 12.5-25 mg/kg/day divied q 6 hr
A5: CO-TRIMOXAZOLE susp 240 mg/5ml x 1 ขวด (60 ml.) | B5: 8 | C5: 8-10 mg/kg/day (TMP) divied q 12 hr | D5: 15-20 mg/kg/day (TMP) divied q 6 hr | E5: 320 mg TMP/day | F5: Mild-mod: 8 mg TMP/kg/day divied q 12 hr Severe/PJP: 15-20 mg TMP/kg/day divied q 6-8 hr | G5: 15-20 mg TMP/kg/day divied q 6 hr | H5: 320 mg TMP/day | I5: 4 mg/kg/dose (TMP) q 8 hr
A6: cePHALEXIN SYRUP 125 mg/5ml x 1 syrup | B6: 25 | C6: 25-100 mg/kg/day divied q 6 hr | D6: 75-100 mg/kg/day divied q 6 hr | E6: 4 g/day (max 1 g/dose) | F6: Mild-mod: 25-50 mg/kg/day divied q 6 hr Severe: 75-100 mg/kg/day divied q 6 hr | G6: 75-100 mg/kg/day divied q 6 hr | H6: 4 g/day | I6: 25-50 mg/kg/day divied q 6 hr
A7: CEFIXIME(Cefspan) SYRUP 100 mg/5ml x 1 ขวด | B7: 20 | C7: 8 mg/kg/day divied q 12-24 hr | D7: 15-20 mg/kg/day divied q 12 hr | E7: 400 mg/day | F7: Mild-mod: 8 mg/kg/day divied q 12-24 hr (max 400 mg/day) | G7: 15-20 mg/kg/day divied q 12 hr | H7: 400 mg/day | I7: 8 mg/kg/day divied q 12-24 hr
A8: ERYTHROMYCIN 125 mg/5ml x 1 ขวด (60 ml.) | B8: 25 | C8: 45-50 mg/kg/day divied q 6 hr | D8: 50-100 mg/kg/day divied q 6 hr | E8: 2 g/day (max 4 g/day for severe) | F8: Mild-mod: 30-50 mg/kg/day divied q 6-8 hr (max 2 g/day) | G8: 50-100 mg/kg/day divied q 6 hr | H8: 4 g/day | I8: 30-50 mg/kg/day divied q 6 hr
A9: AZITHROMYCIN 200 mg/5ml x 1 ขวด (15 ml.) | B9: 40 | C9: 10 mg/kg/day OD for 3 days | D9: 12 mg/kg/day OD | E9: 500 mg/day | F9: 10 mg/kg/day OD on Day 1, then 5 mg/kg/day OD on Days 2-5 (max 500 mg on day 1, 250 mg on days 2-5) | G9: 12 mg/kg/day OD | H9: 500 mg/day | I9: 10 mg/kg/day OD
A10: Favipiravir 100 mg/1ml | B10: 100 | C10: Loading: 70 mg/kg/dose q 12 hr (Day 1), Maint: 30 mg/kg/dose q 12 hr (Day 2-5) | D10: - | E10: Loading 1800 mg/dose, Maint 800 mg/dose | F10: Pediatric COVID-19: Loading 70 mg/kg/dose q 12 hr (Day 1), Maint 30 mg/kg/dose q 12 hr (Day 2-5) | G10: - | H10: Loading 1800 mg/dose, Maint 800 mg/dose | I10: Loading 70 mg/kg/dose q 12 hr, Maint 30 mg/kg/dose q 12 hr
A13: PARACETAMOL SUSPENSION 120 mg/5ml x 1 ขวด | B13: 24 | C13: 10-15 mg/kg/dose q 4-6 hr | D13: - | E13: 75 mg/kg/day (max 4000 mg/day) | F13: <60 kg: 10-15 mg/kg/dose q 4-6 hr >=60 kg: 650-1000 mg q 4-6 hr | G13: - | H13: 4 gm/day | I13: 10-15 mg/kg/dose q 4-6 hr
A14: CPM 2 mg/5ml x 1 ขวด (60 ml.) | B14: 0.4 | C14: 0.35 mg/kg/day divied q 6 hr | D14: - | E14: 12 mg/day | F14: 2-5 yr: 1 mg q 4-6 hr (max 6 mg/day) 6-11 yr: 2 mg q 4-6 hr (max 12 mg/day) | G14: - | H14: 12 mg/day | I14: 0.35 mg/kg/day divied q 6-8 hr | J14: Age >= 2 years
A15: CETIRIZINE 5 mg/5ml x 1 ขวด (60 ml.) | B15: 1 | C15: 0.25 mg/kg/day OD | D15: - | E15: 10 mg/day | F15: 6 mo-2 yr: 2.5 mg OD 2-5 yr: 2.5-5 mg OD >=6 yr: 5-10 mg OD | G15: - | H15: 10 mg/day | I15: 0.25 mg/kg/day OD | J15: Age >= 6 months
A16: IBUPROFEN SUSP 100 mg/5ml x 1 ขวด | B16: 20 | C16: 5-10 mg/kg/dose q 6 hr | D16: 10 mg/kg/dose q 6 hr | E16: 40 mg/kg/day (max 2400 mg/day) | F16: Mild-mod: 5-10 mg/kg/dose q 6-8 hr (max 400 mg/dose, 40 mg/kg/day) | G16: JIA: 30-40 mg/kg/day divied q 6-8 hr | H16: 2400 mg/day | I16: 5-10 mg/kg/dose q 6-8 hr | J16: Age >= 6 months
A17: GLYCERYL GUAIACOLATE 100 mg/5ml x 1 ขวด | B17: 20 | C17: 12 mg/kg/day divied q 6 hr | D17: - | E17: 600-1200 mg/day | F17: 2-5 yr: 50-100 mg q 4 hr (max 600 mg/day) 6-11 yr: 100-200 mg q 4 hr (max 1200 mg/day) >=12 yr: 200-400 mg q 4 hr (max 2400 mg/day) | G17: - | H17: 2400 mg/day | I17: 12 mg/kg/day divied q 6 hr | J17: Age >= 2 years
A18: HYOSCINE SYR 5 mg/5ml x 1 ขวด (30 ml.) | B18: 1 | C18: 0.5 mg/kg/day divied q 8 hr | D18: - | E18: 1.5 mg/kg/day (max 40 mg/day) | F18: 1-4 yr: 2.5 mg q 8 hr 5-11 yr: 5-10 mg q 8 hr >=12 yr: 10-20 mg q 6-8 hr | G18: - | H18: 40 mg/day | I18: 0.5 mg/kg/day divied q 8 hr | J18: Age >= 1 year
A19: SIMETHICONE drop 67 mg./ml. x 1 ขวด (15 ml.) | B19: 67 | C19: 1-2 mg/kg/dose q 6 hr | D19: - | E19: 240 mg/day | F19: <2 yr: 20 mg/dose q 6-8 hr (max 120 mg/day) >=2 yr: 40 mg/dose q 6-8 hr (max 240 mg/day) | G19: - | H19: 240 mg/day | I19: 1-2 mg/kg/dose q 6-8 hr
A20: TERBUTALINE SYRUP 1.5 mg/5ml x 1 ขวด | B20: 0.3 | C20: 0.15 mg/kg/day divied q 8 hr | D20: 0.3 mg/kg/day divied q 8 hr | E20: 5 mg/day | F20: 0.15-0.3 mg/kg/day divided q 8 hr (max 5 mg/day) | G20: 0.3 mg/kg/day divided q 8 hr | H20: 5 mg/day | I20: 0.15 mg/kg/day divied q 8 hr | J20: Age >= 2 years
A21: DOMPERIDONE 5 mg/5ml x 1 ขวด (30 ml.) | B21: 1 | C21: 0.25 mg/kg/dose q 8 hr | D21: - | E21: 0.75 mg/kg/day (max 30 mg/day) | F21: 0.25 mg/kg/dose q 8 hr (max 30 mg/day) | G21: - | H21: 30 mg/day | I21: 0.2-0.4 mg/kg/dose q 8 hr | J21: Age >= 1 year
A22: smecta | B22: 0 | C22: <1 yr: 1 pack/day; 1-2 yr: 1-2 pack/day; >2 yr: 2-3 pack/day | D22: - | E22: 3 packets/day | F22: Acute diarrhea: <1 yr: 1 pack/day; 1-2 yr: 1-2 pack/day; >2 yr: 2-3 pack/day | G22: - | H22: 3 packets/day | I22: <1 yr: 1 pack/day; 1-2 yr: 1-2 pack/day; >2 yr: 2-3 pack/day | J22: Age >= 2 years
